Well_ID;Column;Row;Index_reversed;Index_forward
A_A01;1;A;TATCTTCAGC;CCAATATTCG
A_B01;1;B;TGCACGGATA;CGCAGACAAC
A_C01;1;C;GGTTGATAGA;TCGGAGCAGA
A_D01;1;D;ACTCCTGCCT;GAGTCCGTAG
A_E01;1;E;CCGATAGTCG;ATGTTCACGT
A_F01;1;F;CAAGATCGAA;TTCGATGGTT
A_G01;1;G;AGGCTCCTTC;TATCCGTGCA
A_H01;1;H;ATACGGATAG;AAGCGCAGAG
A_A02;2;A;AATAGCCTCA;CCGACTTAGT
A_B02;2;B;CTGCAATCGG;TTCTGCATCG
A_C02;2;C;CCTGAGTTAT;GGAAGTGCCA
A_D02;2;D;GACGTCCAGA;AGATTCAACC
A_E02;2;E;GAATAATCGG;TTCAGGAGAT
A_F02;2;F;CGGAGTGTGT;AAGGCGTCTG
A_G02;2;G;TTACCGACCG;ACGCTTGACA
A_H02;2;H;AGTGTTCGCC;CATGAAGTGA
A_A03;3;A;CTACGTTCTT;TTACGACCTG
A_B03;3;B;TCGACACGAA;ATGCAAGCCG
A_C03;3;C;CCGATAACTT;CTCCGTATAC
A_D03;3;D;TTGGACATCG;GAATCTGGTC
A_E03;3;E;AACGTTGAGA;CGGTCGGTAA
A_F03;3;F;GGCCAGTGAA;TCTGCTAATG
A_G03;3;G;ATGTCTCCGG;CTCTTATTCG
A_H03;3;H;GAAGGCGTTC;CACCTCTAGC
A_A04;4;A;TGTTCCTAGA;TTACTTACCG
A_B04;4;B;CTCTCGAGGT;CTATGCCTTA
A_C04;4;C;CTGTACGGTA;GGAAGGTACG
A_D04;4;D;CTTATGGCAA;GAGGAGACGT
A_E04;4;E;TCCGCATAGC;ACGCAAGGCA
A_F04;4;F;GCAAGCACCT;CGAGCACGTT
A_G04;4;G;GCCTGTCCTA;GAAGACCGCT
A_H04;4;H;ACTGTCTATC;CAACGTGGAC
A_A05;5;A;CGTCCATGTA;TAAGTGCTCG
A_B05;5;B;CTAACTGCAA;CACATCGTAG
A_C05;5;C;TGCTTGTGGT;ACTACCGAGG
A_D05;5;D;TGTAAGCACA;GATGTGTTCT
A_E05;5;E;CTCGTTGCGT;AAGTGTCGTA
A_F05;5;F;GCTAGAGGTG;GGAGAACCAC
A_G05;5;G;AAGCGGAGAA;TGTACGAACT
A_H05;5;H;AATGACGCTG;GGATGAGTGC
A_A06;6;A;TTGGTACGCG;TAGTAGGACA
A_B06;6;B;TGAAGGTGAA;ACGCCTCGTT
A_C06;6;C;GTAGTGGCTT;CACCGCTGTT
A_D06;6;D;CGTAACAGAA;TCTATAGCGG
A_E06;6;E;AAGGCCATAA;CCGATGGACA
A_F06;6;F;TTCATAGACC;TTCAACATGC
A_G06;6;G;CCAACTCCGA;GGAGTAACGC
A_H06;6;H;CACGAGTATG;AGCCTTAGCG
A_A07;7;A;CCGCTACCAA;TTACCTCAGT
A_B07;7;B;CTGAACCTCC;CAGGCATTGT
A_C07;7;C;GGCCTTGTTA;GTGTTCCACG
A_D07;7;D;TTAACGCAGA;TTGATCCGCC
A_E07;7;E;AGGTAGTGCG;GGAGGCTGAT
A_F07;7;F;CGTGTAACTT;AACGTGACAA
A_G07;7;G;ACTTGTGACG;CACAAGCTCC
A_H07;7;H;CCATGCGTTG;CCGTGTTGTC
A_A08;8;A;CCTTGTAGCG;TTGAGCCAGC
A_B08;8;B;ACATACGTGA;GCGTTACAGA
A_C08;8;C;CTTGATATCC;TCCAGACATT
A_D08;8;D;CAGCCGATGT;TCGAACTCTT
A_E08;8;E;TCATGCGCTA;ACCTTCTCGG
A_F08;8;F;ACTCCGTCCA;AGACGCCAAC
A_G08;8;G;GACAGCCTTG;CAACCGTAAT
A_H08;8;H;CGGTTATCTG;TTATGCGTTG
A_A09;9;A;TACTCCACGG;CTATGAGAAC
A_B09;9;B;ACTTCCGGCA;AAGTTACACG
A_C09;9;C;GTGAAGCTGC;GCAATGTGAG
A_D09;9;D;TTGCTCTTCT;CGAAGTCGCA
A_E09;9;E;AACGCACGTA;CCTGATTCAA
A_F09;9;F;TTACTGCAGG;TAGAACGTGC
A_G09;9;G;CCAGTTGAGG;TTCGCAAGGT
A_H09;9;H;TGTGCGTTAA;TTAATGCCGA
A_A10;10;A;ACTAGTGCTT;AGAACAGAGT
A_B10;10;B;CGTGGAACAC;CCATCTGTTC
A_C10;10;C;ATGGAAGTGG;TTCGTAGGTG
A_D10;10;D;TGAGATCACA;GCACGGTACA
A_E10;10;E;GTCCTTGGTG;TGTCAAGAGG
A_F10;10;F;GAGCGTGGAA;TCTAAGGTAC
A_G10;10;G;CACACGCTGT;GAACGGAGAC
A_H10;10;H;TGGTTGTACA;CGCTACCATC
A_A11;11;A;ATCACTCACA;TTACGGTAAC
A_B11;11;B;CGGAGGTAGA;TTCAGATGGA
A_C11;11;C;GAGTTGACAA;TAGCATCTGT
A_D11;11;D;GCCGAACTTG;GGACGAGATC
A_E11;11;E;AGGCCTCACA;AGGTTCTGTT
A_F11;11;F;TCTCTGTTAG;CATACTCGTG
A_G11;11;G;TCCGACGATT;CCGGATACCA
A_H11;11;H;AGGCTATGTT;ATGTCCACCG
A_A12;12;A;CGTTCTCTTG;CACCAAGTGG
A_B12;12;B;TTGTCTATGG;TTGAGTACAC
A_C12;12;C;GATGGATACA;CGGTTCCGTA
A_D12;12;D;CACTTAGGCG;GGAGGTCCTA
A_E12;12;E;ACACTGGCTA;CCTGCTTGGA
A_F12;12;F;ATCGCCACTG;TTCACGTCAG
A_G12;12;G;CTGACGTGAA;AACATAGCCT
A_H12;12;H;TCAATCGTCT;TGACATAGTC
B_A01;1;A;ATCGCCTATA;TTGGCTCATA
B_B01;1;B;CGGATTCCTG;CAGAATACGG
B_C01;1;C;TCACACGTGG;TGTATAGGTC
B_D01;1;D;GCAGCATTCC;GTATACCACA
B_E01;1;E;CCGTGGTGAA;AACTGGACGG
B_F01;1;F;CACAGAACGG;TGTGAGTGAT
B_G01;1;G;ATGGATCGAA;AACTCAGCAA
B_H01;1;H;GGTCTCACCT;AGACGATTGA
B_A02;2;A;CAACACCGTA;CGGCTTGTTC
B_B02;2;B;CGAATATTGG;TTCCGTGCTG
B_C02;2;C;TAATTCCAGC;CGAATACGAT
B_D02;2;D;GTCGCGGTTA;ACCTCACCAG
B_E02;2;E;TTCTGCGTCG;TTCGTACACC
B_F02;2;F;ACGCATACTT;AAGTACGAGA
B_G02;2;G;GGCTGCACAA;TCGGACCTCT
B_H02;2;H;ACCAAGCCAA;CCGCCTTGTA
B_A03;3;A;CCAATTGTCC;GCGTATGAGC
B_B03;3;B;CAGACGCCTT;TTGAGCTCTG
B_C03;3;C;AATTGCCAGA;AACGTACCGT
B_D03;3;D;TGATACCAGA;GGCCTTCACA
B_E03;3;E;GAGGTTGTTA;TGTGCACTGG
B_F03;3;F;AGAGTATCAG;GGATACAGGT
B_G03;3;G;CTGGCGTATG;CCAATGTTAC
B_H03;3;H;GGTCATCTCG;GCTATGCGGA
B_A04;4;A;TGTCGAACAA;CCAGAATCTA
B_B04;4;B;GTGGCACGAA;CCAATTAGCA
B_C04;4;C;AAGCCTTAGA;CGTGTTATGA
B_D04;4;D;CGCTAAGGCT;TGTGCCGGTT
B_E04;4;E;AATCACGACC;CACCAGAAGT
B_F04;4;F;GTAGCTGTCG;TCTGCGTTAA
B_G04;4;G;CACGTAAGGT;AGCTTAGAGG
B_H04;4;H;TCACTTCATG;TTGCGACCAC
B_A05;5;A;GTTGGCGTCT;CGAAGTCTAG
B_B05;5;B;CACACGCCAA;GCTGAAGATA
B_C05;5;C;ACACTGTGAA;TCTGTTAGAC
B_D05;5;D;CGATTGTTCT;TGTACAACCA
B_E05;5;E;TCGGCTACTG;CTATTGTGTG
B_F05;5;F;TTGTAAGAGG;GAAGCAGCTG
B_G05;5;G;CGAGTCCGTT;CCGCAGTAGT
B_H05;5;H;GTGTACTCAA;AAGGTTGCTT
B_A06;6;A;GCGTGACGTT;CTCTCTTCTA
B_B06;6;B;AGGCGTCTGA;GGATCTTGTG
B_C06;6;C;ACTTACGAGG;AGCGATTAAC
B_D06;6;D;CAGGTCGTAA;GAAGGCATAA
B_E06;6;E;TACGCTAGTT;AGCAGACTAA
B_F06;6;F;TCTGTCGTGC;AAGCACTAGT
B_G06;6;G;GATCTTGGCA;TTAGACAGCG
B_H06;6;H;TGGAGAGCCA;TTAGGCACAA
B_A07;7;A;ACCAATCTCG;TTCCGGCACT
B_B07;7;B;GTCGTGACAC;TTGTATGGCT
B_C07;7;C;TCTCTAGTCG;TGGATCGATT
B_D07;7;D;ATTACGGTTG;CGGAATCACC
B_E07;7;E;CGGTAAGTAA;GAGCTATCTA
B_F07;7;F;TAACGTCCGG;ACCTCGAGAG
B_G07;7;G;GAACACAGTT;CCGAATTCAC
B_H07;7;H;AGGTCCTATA;AACGTCACGC
B_A08;8;A;TTGACCTAGC;TTGGTGTTCC
B_B08;8;B;GCTTCAATCA;CCAGGTGGAA
B_C08;8;C;TGCGTGCGAA;TCATACCGAT
B_D08;8;D;AATGGTACCT;CGACGGTTGT
B_E08;8;E;TGTATCGCGA;CACTCACACG
B_F08;8;F;GTAACATTGG;TTGGCCACGA
B_G08;8;G;CAACAATTCG;AATCGGTCGC
B_H08;8;H;GCGTGTCATG;AGAACAATCG
B_A09;9;A;TAGATCCGAA;CTATCGAAGT
B_B09;9;B;TCTTAACTGG;TCGGCCTGAA
B_C09;9;C;GTCACATCCG;TCACTGTTCT
B_D09;9;D;TGAAGCATCT;GGTATCTAAC
B_E09;9;E;CGGACTACTT;CGTATTAAGG
B_F09;9;F;AACGGAGTCC;TAGGAGTGTC
B_G09;9;G;AGGTGTGACC;CTCCGAACTC
B_H09;9;H;CCAGAGTTCC;ATGTCTCTCG
B_A10;10;A;CCAGTGATTG;AGGTGCACTT
B_B10;10;B;GACTGACATA;TTGGCCGCAT
B_C10;10;C;GCGATCCTTG;GGTGTCTGAG
B_D10;10;D;TGTTCCACTT;CCGTGCCATT
B_E10;10;E;ATCCAATAGG;AAGATGACGA
B_F10;10;F;AGACCGTTAA;TGTATTGCCA
B_G10;10;G;ACTATTGACC;AACCATCGGC
B_H10;10;H;GCCTAATTCC;CGTGCAACCT
B_A11;11;A;GTAGGTACAA;TTCTTGAGTG
B_B11;11;B;TGCGACTTCG;TCTGCAACAA
B_C11;11;C;TTGTCACGTT;CCGCTACACA
B_D11;11;D;CAACGACTGA;CTCTGTCAGG
B_E11;11;E;GATTCGGCTA;TTAACGGTCT
B_F11;11;F;TGGTGGCTAG;CGATGACCTT
B_G11;11;G;AGGCCAGGAT;AGGCAGGAGT
B_H11;11;H;AACGCCTGTG;AACGGACTCG
B_A12;12;A;CGTGTGAGTG;TTGGTTCGGC
B_B12;12;B;CGTATGTGAA;CGCACTACCT
B_C12;12;C;TACGTCACAA;CCATACCACG
B_D12;12;D;GGAAGATCCG;GAATTCGGTA
B_E12;12;E;CATGTCAGCT;AGTCCTCCAC
B_F12;12;F;ACAGCGTCAC;TAGTCATTCG
B_G12;12;G;TGTTACAAGG;TTGAGGTCGC
B_H12;12;H;CTTATAGAGG;CAACGTTATG
C_A01;1;A;TCGAAGTCAA;CGGAGGAATG
C_B01;1;B;CGAGGCCTAT;GAGTCAGCCA
C_C01;1;C;TCCTGAAGTG;GGAATTAGGC
C_D01;1;D;AATCCTTACC;TTCGCCACAC
C_E01;1;E;TTGTTGCAGA;CCTCGCTTAC
C_F01;1;F;AATCTAGGCC;ACAGCGTGTG
C_G01;1;G;GGCTCTACTG;TTCCGCTTCT
C_H01;1;H;GTCCACGTTG;CAGCGTCATT
C_A02;2;A;CTCCGCAGTT;CCGTAGAACA
C_B02;2;B;AGAACAGTGA;CGGTTATCGT
C_C02;2;C;GCTCTTATTG;TCTGGTATCA
C_D02;2;D;TGTAGACGAA;AAGTATGCGT
C_E02;2;E;CTTGTCGTCG;TTCCTTCGAG
C_F02;2;F;TCGTCTTACA;GCTATGGATA
C_G02;2;G;GAGAGGAGGA;AGGTACCATT
C_H02;2;H;GTTAGATACC;TTACGGAGTC
C_A03;3;A;GGCTTAAGAA;TGAGGACTTA
C_B03;3;B;TCTGGTACAA;TTGAGTTGCC
C_C03;3;C;GTGAATTCGG;AGCTTCGCGA
C_D03;3;D;GAATGGAGAA;CATACGCCAG
C_E03;3;E;AGTCAATTGG;CAAGACCAGC
C_F03;3;F;CGCATCACCT;GATAGACAGT
C_G03;3;G;TATTGACACC;CGCTCGTGAA
C_H03;3;H;AGACTGTCGG;TCTCTAACAG
C_A04;4;A;ATCTGGACTC;ACCTAGGAGG
C_B04;4;B;GAGAATAAGG;TCTGTACCTT
C_C04;4;C;TGTTGTCGCC;CTCAGGCCAT
C_D04;4;D;CTGCGGTGTT;TTGTGCAGCC
C_E04;4;E;GATAACTCCG;TAGCCGAATC
C_F04;4;F;ATCCTTGTAC;AAGCCTGTTA
C_G04;4;G;TACGCGTATA;TGTACAGTAG
C_H04;4;H;CCACCAATTG;CGATTCTGCC
C_A05;5;A;TGTGAAGGCC;TTGCTAAGGA
C_B05;5;B;CCTTGACTGC;ACTCCTTGGC
C_C05;5;C;AATGCGTCGG;GAAGGCGAAC
C_D05;5;D;AAGACTACAC;CAATACCTTG
C_E05;5;E;GTCAGTGCAG;CGACGACAAG
C_F05;5;F;CTCACCAGAA;GAACCTGACC
C_G05;5;G;TCTCGTACTT;TTGCCTCGCA
C_H05;5;H;TCAGATTAGG;TTCGTGTCGA
C_A06;6;A;CACTCAAGAA;TGGATGGCAA
C_B06;6;B;AGAGCCATTC;TTCACCAGCT
C_C06;6;C;CACGATTCCG;CCTGAGTAGC
C_D06;6;D;TTGGAGCCTG;AGGTGTCCGT
C_E06;6;E;TTACGACTTG;GTCTGGTTGC
C_F06;6;F;TTAAGGTCGG;CTCTTAGATG
C_G06;6;G;GGTTCTGTCA;TATCACCTGC
C_H06;6;H;GATACGCACC;CAGAGGCAAG
C_A07;7;A;TCGCGAAGCT;CCGGTCAACA
C_B07;7;B;GTTAAGACGG;TCACGAGGTG
C_C07;7;C;CCGGTCATAC;CCATAGACAA
C_D07;7;D;GTCAGCTTAA;GAGCTTGGAC
C_E07;7;E;ACCGCGGATA;TACGGTGTTG
C_F07;7;F;GTTGCATCAA;TTCAACTCGA
C_G07;7;G;TGTGCACCAA;AAGGCAGGTA
C_H07;7;H;ATCTGTGGTC;CGGCCAATTC
C_A08;8;A;CACAAGATCC;CAACCGGACA
C_B08;8;B;CTGCTAGCTG;AACTTGGCCG
C_C08;8;C;ACCGGTCGAA;TGGAACATAG
C_D08;8;D;GCACGTTCTA;TTCGGATCTA
C_E08;8;E;AAGGAAGGAA;CGGAATCGTG
C_F08;8;F;AGAGAGATAG;TCTAATCGGT
C_G08;8;G;GGTTCCTATT;GCTGGAATTA
C_H08;8;H;TTCACGAGCG;CGCTTCTCAC
C_A09;9;A;GGCACAACCT;TAGACTCCTG
C_B09;9;B;TGACTCAGAA;CCGTTGATTG
C_C09;9;C;CGATCTCAGG;CGAACCTCCA
C_D09;9;D;CCTGCTGGAA;TTGGAAGTTG
C_E09;9;E;GAGCTGTATA;CCAGGAGTAC
C_F09;9;F;AACCTGACGG;AGGTTCGTCG
C_G09;9;G;AAGCTCGTGG;GACCTGAAGA
C_H09;9;H;GTCCAAGCTC;TTAACGCACA
C_A10;10;A;CTAGACTTCG;TCGGAGTTGG
C_B10;10;B;TCCAAGGTAA;CGATGACTCC
C_C10;10;C;CTTGGTAGCA;TATAGGTTGG
C_D10;10;D;AACGAGGCGT;GACAAGTGTT
C_E10;10;E;CAGAAGATGG;TTCTCCGGAA
C_F10;10;F;TGATACATCC;ACACACTCCG
C_G10;10;G;GCGCGTAGTT;CTGGTCACTA
C_H10;10;H;GTTGTCTGCG;TTCGTGCCAC
C_A11;11;A;CTTAGCGCTG;AGATCATGGA
C_B11;11;B;ATCAGCCTCC;GAGTATGTAC
C_C11;11;C;TGCAGTGCTC;TAGAACACCT
C_D11;11;D;GAGCTCAGAC;CCAGTTAAGA
C_E11;11;E;ACCTGGACAA;CGCTTATCTG
C_F11;11;F;CAACTTCCAA;GAGCTCTTAC
C_G11;11;G;CCATCCTGTG;TCTCAAGGCG
C_H11;11;H;GGCAGTTAGA;CTAAGTACCA
C_A12;12;A;TCACATGAGA;TCGACAAGCC
C_B12;12;B;TATTCGTTGG;TTCGACATCA
C_C12;12;C;AGCGGTCTTC;AGTGGTACTT
C_D12;12;D;GCGACCGATT;TTGCACTTGT
C_E12;12;E;GATCTCGTCC;GTCTTCGCAG
C_F12;12;F;CCATTATAGG;CAGGCTCCAA
C_G12;12;G;ACAGACCACG;CCAGGTTACG
C_H12;12;H;ATTCCACACA;CAATCGCCTA
D_A01;1;A;CCGGAACGAA;CTACACTATG
D_B01;1;B;AGCAAGACAG;AAGAAGATCC
D_C01;1;C;GGTTGAATCT;CACGGTGTAT
D_D01;1;D;TCAACACTCT;CGGTAAGTGG
D_E01;1;E;TATGAGCCAA;CCAGACTGAG
D_F01;1;F;ATATTGGAGC;GCTAGGTCAA
D_G01;1;G;AACTCGTTAG;GGTGCCTCAT
D_H01;1;H;TATCCATAGC;TAACAACCTC
D_A02;2;A;TCACCATACC;TTGGCAAGAA
D_B02;2;B;CTGCGAAGAC;GGAAGTGGTT
D_C02;2;C;GTGTGGCGAA;TCTAACCTTC
D_D02;2;D;AAGGTGGTTG;GTATGACCGG
D_E02;2;E;CGCTCGATTG;CCTGTGTATT
D_F02;2;F;GTGTCGGATT;TTCTCCGCTT
D_G02;2;G;CCACAACATG;CCACTGGTAA
D_H02;2;H;TCCGATGGAA;AATCCGACAC
D_A03;3;A;CAGATAAGCG;TTCACCTTCA
D_B03;3;B;TGATGTCGAA;TATAGGACCT
D_C03;3;C;ACCTTCTAGA;TTACCGTGAT
D_D03;3;D;AGTTCCGCTC;ACGTTAGAGT
D_E03;3;E;TTAGTCTGCT;CAGCGCTAAG
D_F03;3;F;TGTCGGCGAT;ACAGGTACTC
D_G03;3;G;ACTTAACACC;CTAGATAGCA
D_H03;3;H;GCCAAGGAGT;TTGGACCTTA
D_A04;4;A;GCAAGGTTCC;TGTAGCACAG
D_B04;4;B;ATAGGACACA;TTGACGTCTT
D_C04;4;C;GAATGTGTTG;CCATCTCCGT
D_D04;4;D;TGCATGTTAC;CTAACAGAGA
D_E04;4;E;TGCCTTGCGT;ACCTTACGTG
D_F04;4;F;AGTAACACGG;AGGTGCTTGC
D_G04;4;G;CACAACCGAA;GACTAGGTCC
D_H04;4;H;ACGGACACCT;TCGAAGTTCT
D_A05;5;A;CGTTACAGCG;CTATCTCTCT
D_B05;5;B;ACCATTGGTT;CCGTTCTCCT
D_C05;5;C;ACTGCCTCGA;ATGCCGTAAC
D_D05;5;D;GACCAGATTC;CAAGCTATTC
D_E05;5;E;CGCCTTCTTG;GGTCACACCT
D_F05;5;F;TAAGGTCCAA;TCTGTGAAGA
D_G05;5;G;GCGTAATACA;TTCGATCTTG
D_H05;5;H;GGTAACGCCT;TACCGCGGAA
D_A06;6;A;ACAGCATAGA;TGGACGGAGT
D_B06;6;B;AGATGGATGG;CGTTGACTAT
D_C06;6;C;GAACATGCAA;GAAGGTCAGA
D_D06;6;D;CCATCCACGA;ATCGCCGACA
D_E06;6;E;TGCTCCTGTC;AAGACGACTT
D_F06;6;F;CTTCAGCAGG;CGGTTACGAG
D_G06;6;G;TTGCTGAGTT;TGACCAGCAC
D_H06;6;H;AACAGAACCT;CATGTTGTGG
D_A07;7;A;CATTCCTCCG;TGCAGAAGCT
D_B07;7;B;TAGCGACGAA;GTGCGATCGA
D_C07;7;C;TCTATCCTGG;GCTCATTCAT
D_D07;7;D;AGCTTGTCTC;TTCGAGTGTA
D_E07;7;E;CGACAGCAGT;CCACTTCCAT
D_F07;7;F;GTAAGTGGAA;CAGTGGCTTA
D_G07;7;G;GAGTATACGT;TCCTCCAGTG
D_H07;7;H;TGGAATCTTG;AATGGCACAC
D_A08;8;A;GTACAACGAA;GGAGTGAGCT
D_B08;8;B;TCGTCATCTT;CCTCTTACAA
D_C08;8;C;TTGAGTGCGG;CTAGCAGACG
D_D08;8;D;CTAGGCTAGA;CACTATGGCG
D_E08;8;E;CCTGACAGAG;TAGATACTGG
D_F08;8;F;TGTGGTATAC;TAGGACAGGC
D_G08;8;G;CTTAAGTGAC;AACTAGCGTA
D_H08;8;H;CACAATCTCT;GGTACTGCTG
D_A09;9;A;GCCGAACCAA;CCAGAATGGC
D_B09;9;B;TGTCAAGCGT;TTCTGAGTCA
D_C09;9;C;CTTGGCAGTG;GGCCTAGATT
D_D09;9;D;GCAATGTCGG;CGAACCACAG
D_E09;9;E;ACATCGGCCT;GCGTAATGTT
D_F09;9;F;GGTCCTCAGA;GAAGTGACTC
D_G09;9;G;TGCGGATCTG;AGACCTCCGT
D_H09;9;H;CAGCTGCTTC;CGGATCGGAT
D_A10;10;A;TCGATCGCAC;TTGAATCTCC
D_B10;10;B;GTACATACTC;GCAACCTATA
D_C10;10;C;CTCGAAGGAA;ATAGGCCTCG
D_D10;10;D;GAATCCGTGG;TCTCATGTGA
D_E10;10;E;ACGTGAACAT;CACGGCTAGT
D_F10;10;F;AGTCCACGAA;CCTCCTTATT
D_G10;10;G;TTCTATTGCG;GTGTCACGAC
D_H10;10;H;CATATGACGG;TCTGTGACAT
D_A11;11;A;CCTCGGTAGT;GTAACATGCA
D_B11;11;B;TGGTGAACCT;CACTGCCAAG
D_C11;11;C;CGTCTTCGAA;TAGCTGAGGT
D_D11;11;D;TCCATCTGAA;CCAGGATAGA
D_E11;11;E;ATACGAACGG;TTGCATGACA
D_F11;11;F;CGCCTTGAGA;ACGCAACGAG
D_G11;11;G;GCATCAGTCG;TTGTGTGATG
D_H11;11;H;GCTAATCTTC;CAAGAGCTGG
D_A12;12;A;TTACGTTCGA;TTGCGTCCGA
D_B12;12;B;AGTATCTTGC;CCACCTTGAG
D_C12;12;C;GTCTAACAGA;CGAGCGATAG
D_D12;12;D;GCAGGTGATA;CTCGGCTTCA
D_E12;12;E;AGGCTTACCA;GTGACGCTGT
D_F12;12;F;TCATAACACG;TCTGGCAATT
D_G12;12;G;TCCAACTTCT;TCTAGCTAAC
D_H12;12;H;CGCTGTCTAA;AGATGGTTAG
